<?xml version="1.0" encoding="utf-8"?>
<extension version="2.5" type="plugin" group="vmpayment" method="upgrade">
  <name>Rficb payment gateway</name>
  <author>Romanof</author>
  <creationDate>08 2014</creationDate>
  <copyright>(c) 2014 Romanof</copyright>
  <license>http://www.gnu.org/copyleft/gpl.html GNU/GPL</license>
  <authorEmail>romanof76@gmail.com</authorEmail> 
  <authorUrl>www.nevinka-web.ru</authorUrl>
  <version>1.0.1</version>
  <description><![CDATA[Rficb payment gateway module for Joomla! 2.5. Оплата товаров и услуг при помощи системы Rficb.ru
  Для работы в личном кабинете пропишите url обработчика <ваш сайт>/index.php?option=com_virtuemart&view=pluginresponse&task=pluginnotification&pelement=rficb
  ]]>
  </description>
  <files>
    <filename plugin="rficb">rficb.php</filename>
    <filename>index.html</filename>
  </files>
  <params addpath="/administrator/components/com_virtuemart/elements">
    <param name="status_pending" type="vmorderstate" scope="com_virtuemart" default="P" label="Ждёт оплаты" description="Выберите статус для действия Ждёт оплаты" />
	  <param name="status_success" type="vmorderstate" scope="com_virtuemart" default="C" label="Оплата получена" description="Выберите статус для действия Оплата получена" />
    <param name="secret_key" size="40" type="text" default="" label="Секретный ключ" description="Введите секретный ключ, указанный в настройках вашего сервиса на сайте Rficb" />
    <param name="pay_key" size="80" type="text" default="" label="Ключ платежа" description="Введите ключ платежа, взятый из сгенерированной платежной формы на сайте Rficb" />
  </params>
</extension>
